position,WT_aa,WT_bound_logit,WT_unbound_logit,delta,is_key_binding
D56,G,4.411955833435059,-0.24737460911273956,4.659330442547798,True
D53,W,3.7486681938171387,0.3945721983909607,3.354095995426178,True
D57,H,3.7910492420196533,0.46415916085243225,3.326890081167221,True
D102,L,2.040759563446045,-0.12705650925636292,2.167816072702408,True
D101,Y,1.5139219760894775,-0.4632187485694885,1.977140724658966,True
D103,P,2.0742249488830566,1.0141695737838745,1.0600553750991821,True
D105,A,1.4042750597000122,0.6421195268630981,0.7621555328369141,False
D104,T,0.05302383750677109,-0.3446864187717438,0.39771025627851486,False
D54,N,3.4374420642852783,3.193995237350464,0.24344682693481445,False
D100,T,-0.2806984782218933,-0.4903908669948578,0.20969238877296448,False
D107,S,1.9688972234725952,1.8053314685821533,0.1635657548904419,False
D109,D,-0.025168457999825478,-0.18736644089221954,0.16219798289239407,False
D61,A,2.72578501701355,2.5676429271698,0.15814208984375,False
D51,I,4.212889671325684,4.084485054016113,0.1284046173095703,False
D98,K,0.8954731225967407,0.8278330564498901,0.06764006614685059,False
D108,S,-0.7272968292236328,-0.791485071182251,0.06418824195861816,False
D64,V,4.531772613525391,4.495203971862793,0.036568641662597656,False
D62,D,0.20935626327991486,0.17818723618984222,0.031169027090072632,False
D97,A,3.788811206817627,3.7760417461395264,0.012769460678100586,False
D96,C,5.542447090148926,5.535025596618652,0.0074214935302734375,False
D52,V,-1.1977102756500244,-1.1997977495193481,0.0020874738693237305,False
D55,G,4.8268280029296875,4.83621883392334,-0.009390830993652344,False
D63,S,2.212019443511963,2.231377124786377,-0.019357681274414062,False
D95,Y,5.470696449279785,5.497637748718262,-0.026941299438476562,False
D65,E,0.47637757658958435,0.53755122423172,-0.06117364764213562,False
D110,Y,0.7412897348403931,0.8347810506820679,-0.0934913158416748,False
D60,Y,4.724982738494873,4.871028423309326,-0.14604568481445312,False
D99,T,2.1701290607452393,2.3438615798950195,-0.17373251914978027,False
D50,A,1.4861618280410767,1.716796875,-0.23063504695892334,False
D58,H,0.48028168082237244,0.7399609684944153,-0.25967928767204285,False
D106,S,2.966463565826416,3.320249080657959,-0.35378551483154297,False
D59,D,0.35434046387672424,1.9159406423568726,-1.5616001784801483,False
