rank,position,WT_aa,WT_unbound_logit,best_aa,best_unbound_logit,logit_diff,is_key_binding,top_k
1,D52,V,-1.2037885189056396,S,3.6938719749450684,4.897660493850708,True,False
2,D108,S,-0.7834652066230774,L,3.686434268951416,4.469899475574493,False,True
3,D100,T,-0.5253267288208008,L,2.0192511081695557,2.5445778369903564,False,True
4,D101,Y,-0.5039354562759399,T,1.8183284997940063,2.3222639560699463,True,False
5,D104,T,-0.368577241897583,V,1.2257851362228394,1.5943623781204224,False,True
6,D56,G,-0.26422831416130066,S,1.707650899887085,1.9718792140483856,True,False
7,D109,D,-0.1514880359172821,S,2.256687641143799,2.408175677061081,False,False
8,D102,L,-0.14005574584007263,R,1.0558738708496094,1.195929616689682,True,False
9,D62,D,0.192917600274086,P,2.1466217041015625,1.9537041038274765,False,False
10,D53,W,0.4829130172729492,H,1.8215277194976807,1.3386147022247314,True,False
11,D57,H,0.490609347820282,Y,1.007484793663025,0.5168754458427429,True,False
12,D65,E,0.539575457572937,K,2.0904605388641357,1.5508850812911987,False,False
13,D105,A,0.6302604079246521,N,2.7018954753875732,2.071635067462921,False,False
14,D58,H,0.7427771687507629,T,1.054434895515442,0.31165772676467896,False,False
15,D110,Y,0.8093229532241821,H,0.8301992416381836,0.020876288414001465,False,False
16,D98,K,0.8400594592094421,R,3.2581467628479004,2.4180873036384583,False,False
17,D103,P,1.0103150606155396,S,1.327151894569397,0.3168368339538574,True,False
18,D50,A,1.7257521152496338,S,4.047314167022705,2.3215620517730713,False,False
19,D107,S,1.8097803592681885,A,4.305429458618164,2.4956490993499756,False,False
20,D59,D,1.9351637363433838,E,2.5924232006073,0.657259464263916,False,False
21,D63,S,2.2138967514038086,S,2.2138967514038086,0.0,False,False
22,D99,T,2.344412326812744,S,3.93432354927063,1.5899112224578857,False,False
23,D61,A,2.580693244934082,A,2.580693244934082,0.0,False,False
24,D54,N,3.2129578590393066,D,3.5334484577178955,0.32049059867858887,False,False
25,D106,S,3.3436267375946045,S,3.3436267375946045,0.0,False,False
26,D97,A,3.795576810836792,A,3.795576810836792,0.0,False,False
27,D51,I,4.094116687774658,I,4.094116687774658,0.0,False,False
28,D64,V,4.508078098297119,V,4.508078098297119,0.0,False,False
29,D55,G,4.831009864807129,G,4.831009864807129,0.0,False,False
30,D60,Y,4.892062187194824,Y,4.892062187194824,0.0,False,False
31,D95,Y,5.489306449890137,Y,5.489306449890137,0.0,False,False
32,D96,C,5.541638374328613,C,5.541638374328613,0.0,False,False
