rank,position,WT_aa,WT_unbound_logit,best_aa,best_unbound_logit,logit_diff,top_k
1,D52,V,-1.1997977495193481,S,3.680184841156006,4.879982590675354,True
2,D108,S,-0.791485071182251,L,3.6566078662872314,4.448092937469482,True
3,D100,T,-0.4903908669948578,L,1.922035574913025,2.4124264419078827,True
4,D101,Y,-0.4632187485694885,T,1.7691103219985962,2.2323290705680847,False
5,D104,T,-0.3446864187717438,V,1.2192351818084717,1.5639216005802155,False
6,D56,G,-0.24737460911273956,S,1.7197930812835693,1.967167690396309,False
7,D109,D,-0.18736644089221954,S,2.2481045722961426,2.435471013188362,False
8,D102,L,-0.12705650925636292,R,1.0437439680099487,1.1708004772663116,False
9,D62,D,0.17818723618984222,P,2.1501412391662598,1.9719540029764175,False
10,D53,W,0.3945721983909607,H,1.7765867710113525,1.3820145726203918,False
11,D57,H,0.46415916085243225,Y,1.0476047992706299,0.5834456384181976,False
12,D65,E,0.53755122423172,K,2.0400962829589844,1.5025450587272644,False
13,D105,A,0.6421195268630981,N,2.622800827026367,1.980681300163269,False
14,D58,H,0.7399609684944153,T,1.027138113975525,0.2871771454811096,False
15,D98,K,0.8278330564498901,R,3.1986374855041504,2.3708044290542603,False
16,D110,Y,0.8347810506820679,H,0.8666442036628723,0.03186315298080444,False
17,D103,P,1.0141695737838745,S,1.3289371728897095,0.31476759910583496,False
18,D50,A,1.716796875,S,4.033596992492676,2.316800117492676,False
19,D107,S,1.8053314685821533,A,4.302933692932129,2.4976022243499756,False
20,D59,D,1.9159406423568726,E,2.5958640575408936,0.679923415184021,False
21,D63,S,2.231377124786377,S,2.231377124786377,0.0,False
22,D99,T,2.3438615798950195,S,3.931936740875244,1.5880751609802246,False
23,D61,A,2.5676429271698,A,2.5676429271698,0.0,False
24,D54,N,3.193995237350464,D,3.4820713996887207,0.28807616233825684,False
25,D106,S,3.320249080657959,S,3.320249080657959,0.0,False
26,D97,A,3.7760417461395264,A,3.7760417461395264,0.0,False
27,D51,I,4.084485054016113,I,4.084485054016113,0.0,False
28,D64,V,4.495203971862793,V,4.495203971862793,0.0,False
29,D55,G,4.83621883392334,G,4.83621883392334,0.0,False
30,D60,Y,4.871028423309326,Y,4.871028423309326,0.0,False
31,D95,Y,5.497637748718262,Y,5.497637748718262,0.0,False
32,D96,C,5.535025596618652,C,5.535025596618652,0.0,False
